Rank,Club,Country,Level,Elo,From,To
1,Real Madrid,ESP,1,2077.10205078,2016-05-29,2016-08-17
2,Barcelona,ESP,1,2062.78027344,2016-05-19,2016-08-17
3,Bayern,GER,1,2010.39794922,2016-07-29,2016-08-04
4,Atletico,ESP,1,2003.70068359,2016-05-29,2016-08-04
5,Juventus,ITA,1,1923.25817871,2016-07-29,2016-08-04
6,Paris SG,FRA,1,1885.94482422,2016-07-29,2016-08-03
7,Dortmund,GER,1,1865.22607422,2016-07-29,2016-08-04
8,Man City,ENG,1,1849.89489746,2016-07-29,2016-08-04
9,Bilbao,ESP,1,1846.97961426,2016-05-19,2016-08-17
10,Arsenal,ENG,1,1841.41027832,2016-07-29,2016-08-04
11,Benfica,POR,1,1835.98254395,2016-07-29,2016-08-04
12,Sevilla,ESP,1,1823.40673828,2016-05-19,2016-08-17
13,Leicester,ENG,1,1812.9921875,2016-07-29,2016-08-04
14,Villarreal,ESP,1,1810.8782959,2016-05-19,2016-08-04
15,Napoli,ITA,1,1808.54748535,2016-07-29,2016-08-04
16,Leverkusen,GER,1,1805.92480469,2016-07-29,2016-08-04
17,Tottenham,ENG,1,1805.58154297,2016-07-29,2016-08-04
18,Roma,ITA,1,1805.22094727,2016-07-29,2016-08-04
19,Liverpool,ENG,1,1801.5480957,2016-07-29,2016-08-04
20,Chelsea,ENG,1,1794.53747559,2016-07-29,2016-08-04
21,Man United,ENG,1,1790.07531738,2016-07-29,2016-08-04
22,Celta,ESP,1,1786.20581055,2016-05-19,2016-08-17
23,Gladbach,GER,1,1783.36083984,2016-07-29,2016-08-04
24,Southampton,ENG,1,1779.85192871,2016-07-29,2016-08-04
25,Dynamo Kyiv,UKR,1,1778.28186035,2016-08-01,2016-08-03
26,Shakhtar,UKR,1,1770.80541992,2016-07-31,2016-08-03
27,Valencia,ESP,1,1762.06274414,2016-05-19,2016-08-03
28,Sociedad,ESP,1,1761.91564941,2016-05-19,2016-08-03
29,Malaga,ESP,1,1755.95996094,2016-05-19,2016-08-03
30,Sporting,POR,1,1751.3737793,2016-07-29,2016-08-03
31,Zenit,RUS,1,1745.07836914,2016-07-31,2016-08-03
32,PSV,NED,1,1734.8684082,2016-07-29,2016-08-03
33,Wolfsburg,GER,1,1728.71118164,2016-07-31,2016-08-03
34,CSKA Moskva,RUS,1,1728.11730957,2016-07-31,2016-08-03
35,Porto,POR,1,1722.15539551,2016-07-29,2016-08-04
36,West Ham,ENG,1,1721.77453613,2016-07-29,2016-08-04
37,Schalke,GER,1,1718.37121582,2016-07-29,2016-08-04
38,Betis,ESP,1,1714.3840332,2016-07-22,2016-08-03
39,Olympiakos,GRE,1,1710.87255859,2016-07-29,2016-08-03
40,Las Palmas,ESP,1,1707.25109863,2016-07-27,2016-08-01
41,FC Krasnodar,RUS,1,1706.63586426,2016-07-29,2016-08-01
42,Rayo Vallecano,ESP,2,1704.1763916,2016-07-02,2016-08-03
43,Mainz,GER,1,1704.0682373,2016-07-29,2016-08-03
44,Fiorentina,ITA,1,1701.26794434,2016-07-29,2016-08-04
45,Espanyol,ESP,1,1699.39038086,2016-07-29,2016-08-03
46,Lyon,FRA,1,1697.37402344,2016-07-29,2016-08-03
47,Inter,ITA,1,1696.79785156,2016-07-29,2016-08-03
48,Everton,ENG,1,1696.51647949,2016-07-29,2016-08-03
49,Gijon,ESP,1,1696.05493164,2016-05-26,2016-08-03
50,Depor,ESP,1,1695.8236084,2016-05-26,2016-08-03
51,Basel,SUI,1,1694.9708252,2016-08-01,2016-08-03
52,Granada,ESP,1,1691.3659668,2016-08-01,2016-08-13
53,Swansea,ENG,1,1689.38525391,2016-08-01,2016-08-03
54,Ajax,NED,1,1684.05212402,2016-07-29,2016-08-03
55,Stoke,ENG,1,1683.14038086,2016-07-29,2016-08-04
56,Lazio,ITA,1,1680.4453125,2016-07-29,2016-08-03
57,Koeln,GER,1,1672.89428711,2016-07-29,2016-08-02
58,Monaco,FRA,1,1672.30944824,2016-07-29,2016-08-02
59,Milan,ITA,1,1671.21228027,2016-07-29,2016-08-02
60,Sparta Praha,CZE,1,1670.69177246,2016-07-31,2016-08-02
61,Sassuolo,ITA,1,1667.74804688,2016-07-29,2016-08-04
62,Eibar,ESP,1,1666.54638672,2016-07-29,2016-08-03
63,Hertha,GER,1,1666.15075684,2016-07-29,2016-08-03
64,Brugge,BEL,1,1665.94836426,2016-07-30,2016-08-03
65,Lille,FRA,1,1661.64343262,2016-07-30,2016-08-03
66,Girona,ESP,2,1658.69055176,2016-08-01,2016-08-03
67,Augsburg,GER,1,1658.1496582,2016-08-01,2016-08-03
68,Getafe,ESP,2,1657.23278809,2016-08-01,2016-08-04
69,Sunderland,ENG,1,1656.88525391,2016-08-01,2016-08-04
70,Fenerbahce,TUR,1,1655.67321777,2016-08-01,2016-08-03
71,Werder,GER,1,1655.37670898,2016-08-01,2016-08-03
72,Dnipro,UKR,1,1653.94030762,2016-08-01,2016-08-03
73,Rostov,RUS,1,1652.71203613,2016-07-31,2016-08-02
74,Freiburg,GER,1,1651.73986816,2016-07-31,2016-08-02
75,Besiktas,TUR,1,1649.70935059,2016-07-29,2016-08-02
76,Levante,ESP,2,1649.49926758,2016-07-28,2016-08-02
77,Hamburg,GER,1,1648.79516602,2016-07-29,2016-08-02
78,Leganes,ESP,1,1647.66015625,2016-07-29,2016-08-02
79,West Brom,ENG,1,1646.80688477,2016-07-29,2016-08-02
80,Hoffenheim,GER,1,1644.56176758,2016-07-29,2016-08-02
81,Viktoria Plzen,CZE,1,1643.28515625,2016-07-31,2016-08-02
82,Nice,FRA,1,1639.57739258,2016-07-31,2016-08-03
83,Burnley,ENG,1,1638.26806641,2016-07-31,2016-08-04
84,Frankfurt,GER,1,1637.94189453,2016-07-31,2016-08-04
85,Saint-Etienne,FRA,1,1637.25415039,2016-07-31,2016-08-03
86,Crystal Palace,ENG,1,1635.0982666,2016-07-31,2016-08-04
87,Osasuna,ESP,1,1633.47143555,2016-07-31,2016-08-10
88,Salzburg,AUT,1,1632.57165527,2016-07-31,2016-08-03
89,Newcastle,ENG,2,1628.92053223,2016-07-30,2016-08-04
90,Alaves,ESP,1,1628.29541016,2016-07-30,2016-08-04
91,Watford,ENG,1,1625.20739746,2016-07-30,2016-08-03
92,Torino,ITA,1,1625.05847168,2016-07-30,2016-08-03
93,Dinamo Zagreb,CRO,1,1623.77966309,2016-07-30,2016-08-02
94,Genoa,ITA,1,1623.60424805,2016-07-29,2016-08-03
95,Anderlecht,BEL,1,1623.16687012,2016-07-31,2016-08-03
96,Bournemouth,ENG,1,1621.22033691,2016-07-31,2016-08-03
97,Spartak Moskva,RUS,1,1620.52050781,2016-08-01,2016-08-03
98,Marseille,FRA,1,1617.50061035,2016-08-01,2016-08-03
99,Tarragona,ESP,2,1615.80651855,2016-08-01,2016-08-04
100,Chievo,ITA,1,1612.50537109,2016-07-29,2016-08-04
None,Lok Moskva,RUS,1,1609.52160645,2016-07-31,2016-08-03
None,Ingolstadt,GER,1,1602.60803223,2016-07-29,2016-08-04
None,Zaragoza,ESP,2,1601.34960938,2016-06-05,2016-08-17
None,Stuttgart,GER,2,1599.02197266,2016-07-29,2016-08-04
None,Montpellier,FRA,1,1598.25769043,2016-07-29,2016-08-03
None,Alcorcon,ESP,2,1596.55725098,2016-06-05,2016-08-17
None,Middlesbrough,ENG,1,1596.31188965,2016-07-29,2016-08-04
None,Elche,ESP,2,1595.67077637,2016-06-05,2016-08-17
None,Braga,POR,1,1591.28796387,2016-07-29,2016-08-04
None,Hull,ENG,1,1590.39746094,2016-07-29,2016-08-04
None,Atalanta,ITA,1,1589.77270508,2016-07-29,2016-08-04
None,Numancia,ESP,2,1588.07409668,2016-06-05,2016-08-17
None,Young Boys,SUI,1,1587.96386719,2016-07-31,2016-08-03
None,Gent,BEL,1,1585.94970703,2016-08-01,2016-08-03
None,Cordoba,ESP,2,1585.66442871,2016-06-13,2016-08-17
None,Empoli,ITA,1,1584.26342773,2016-07-29,2016-08-04
None,Terek Grozny,RUS,1,1584.03039551,2016-08-01,2016-08-03
None,Almeria,ESP,2,1582.89160156,2016-06-05,2016-08-17
None,Norwich,ENG,2,1580.5,2016-07-29,2016-08-04
None,Darmstadt,GER,1,1579.39172363,2016-07-29,2016-08-04
None,FC Kobenhavn,DEN,1,1579.37744141,2016-07-31,2016-08-03
None,Bordeaux,FRA,1,1578.8347168,2016-07-29,2016-08-03
None,Rapid Wien,AUT,1,1574.5592041,2016-08-01,2016-08-03
None,BATE,BLR,1,1572.25708008,2016-07-30,2016-08-02
None,Nuernberg,GER,2,1571.96508789,2016-07-29,2016-08-04
None,Sampdoria,ITA,1,1570.83752441,2016-07-29,2016-08-04
None,M Tel Aviv,ISR,1,1569.77172852,2016-07-29,2016-08-03
None,Rennes,FRA,1,1569.64245605,2016-07-29,2016-08-03
None,Huesca,ESP,2,1568.98828125,2016-06-05,2016-08-17
None,Zorya,UKR,1,1568.37902832,2016-07-31,2016-08-03
None,Rubin Kazan,RUS,1,1566.89880371,2016-07-29,2016-08-01
None,Hannover,GER,2,1566.30957031,2016-07-29,2016-08-04
None,Palermo,ITA,1,1566.03967285,2016-07-29,2016-08-04
None,Rijeka,CRO,1,1562.73815918,2016-08-01,2016-08-02
None,Bastia,FRA,1,1561.79296875,2016-07-29,2016-08-03
None,Brighton,ENG,2,1561.35998535,2016-07-29,2016-08-04
None,Valladolid,ESP,2,1561.1953125,2016-06-05,2016-08-17
None,Tenerife,ESP,2,1560.09790039,2016-06-05,2016-08-17
None,Caen,FRA,1,1559.70996094,2016-07-29,2016-08-03
None,Luzern,SUI,1,1557.59936523,2016-08-01,2016-08-03
None,Rosenborg,NOR,1,1557.12988281,2016-07-28,2016-08-02
None,Guingamp,FRA,1,1553.20581055,2016-07-29,2016-08-03
None,Alkmaar,NED,1,1553.09082031,2016-07-29,2016-08-03
None,Galatasaray,TUR,1,1552.53625488,2016-07-29,2016-08-03
None,Toulouse,FRA,1,1551.05126953,2016-07-29,2016-08-03
None,Cagliari,ITA,1,1549.90270996,2016-07-29,2016-08-04
None,Panathinaikos,GRE,1,1548.52172852,2016-07-29,2016-08-03
None,Konyaspor,TUR,1,1548.27636719,2016-07-29,2016-08-03
None,Bologna,ITA,1,1547.98034668,2016-07-29,2016-08-04
None,Carpi,ITA,2,1547.49230957,2016-07-29,2016-08-04
None,RB Leipzig,GER,1,1546.97033691,2016-07-29,2016-08-04
None,Angers,FRA,1,1545.14318848,2016-07-29,2016-08-03
None,Mallorca,ESP,2,1544.18786621,2016-06-05,2016-08-17
None,Midtjylland,DEN,1,1544.11877441,2016-08-01,2016-08-03
None,Udinese,ITA,1,1543.38293457,2016-07-29,2016-08-04
None,Bueyueksehir,TUR,1,1542.87768555,2016-07-29,2016-08-03
None,Feyenoord,NED,1,1542.83520508,2016-07-29,2016-08-03
None,Nancy,FRA,1,1541.43444824,2016-07-29,2016-08-03
None,Sverdlovsk,RUS,1,1540.59094238,2016-08-01,2016-08-03
None,Derby,ENG,2,1540.02624512,2016-07-29,2016-08-04
None,Oviedo,ESP,2,1539.54077148,2016-06-05,2016-08-17
None,Sheffield Weds,ENG,2,1538.46081543,2016-07-29,2016-08-04
None,Nantes,FRA,1,1537.26330566,2016-07-29,2016-08-03
None,Lorient,FRA,1,1537.24450684,2016-07-29,2016-08-03
None,Verona,ITA,2,1535.92102051,2016-07-29,2016-08-04
None,Genk,BEL,1,1535.81103516,2016-08-01,2016-08-03
None,PAOK,GRE,1,1533.90002441,2016-07-29,2016-08-03
None,Mirandes,ESP,2,1533.85998535,2016-06-05,2016-08-17
None,Lugo,ESP,2,1533.58752441,2016-06-05,2016-08-17
None,Pescara,ITA,1,1529.79638672,2016-07-29,2016-08-04
None,Steaua,ROM,1,1529.69543457,2016-08-01,2016-08-03
None,Mlada Boleslav,CZE,1,1526.9987793,2016-08-01,2016-08-02
None,Austria Wien,AUT,1,1521.52807617,2016-08-01,2016-08-03
None,Slovan Liberec,CZE,1,1521.4744873,2016-08-01,2016-08-02
None,Beer-Sheva,ISR,1,1520.69250488,2016-07-29,2016-08-03
None,Celtic,SCO,1,1520.22363281,2016-07-29,2016-08-03
None,Astra,ROM,1,1517.52954102,2016-08-01,2016-08-03
None,Legia,POL,1,1517.12890625,2016-07-31,2016-08-03
None,Vorskla,UKR,1,1516.36535645,2016-08-01,2016-08-03
None,Reims,FRA,2,1514.31164551,2016-07-29,2016-08-01
None,Malmoe,SWE,1,1514.06274414,2016-07-29,2016-08-01
None,Amkar Perm,RUS,1,1512.76831055,2016-07-29,2016-08-01
None,Aston Villa,ENG,2,1507.42211914,2016-07-29,2016-08-04
None,Karlsruhe,GER,2,1507.29968262,2016-07-29,2016-08-04
None,Union Berlin,GER,2,1506.61791992,2016-07-29,2016-08-04
None,Trapani,ITA,2,1504.40100098,2016-07-29,2016-08-04
None,Sion,SUI,1,1504.21618652,2016-07-31,2016-08-03
None,Estoril,POR,1,1503.97070312,2016-07-29,2016-08-04
None,Kryliya Sovetov,RUS,1,1503.71032715,2016-08-01,2016-08-03
None,Charleroi,BEL,1,1503.44714355,2016-07-31,2016-08-03
None,Brentford,ENG,2,1503.21801758,2016-07-29,2016-08-04
None,Ipswich,ENG,2,1503.21105957,2016-07-29,2016-08-04
None,Arouca,POR,1,1502.7623291,2016-07-29,2016-08-04
None,Grasshoppers,SUI,1,1499.41088867,2016-08-01,2016-08-03
None,Bochum,GER,2,1499.32922363,2016-07-29,2016-08-04
None,Cadiz,ESP,2,1498.8269043,2016-07-01,2016-08-17
None,Reus Deportiu,ESP,2,1498.8269043,2016-07-01,2016-08-17
None,Sevilla B,ESP,2,1498.8269043,2016-07-01,2016-08-17
None,UCAM Murcia,ESP,2,1498.8269043,2016-07-01,2016-08-17
None,QPR,ENG,2,1498.14831543,2016-07-29,2016-08-04
None,Ankaraspor,TUR,1,1497.74328613,2016-07-29,2016-08-03
None,Lautern,GER,2,1496.86694336,2016-07-29,2016-08-04
None,Rio Ave,POR,1,1495.94995117,2016-07-29,2016-08-04
None,Le Havre,FRA,2,1493.93896484,2016-07-30,2016-08-03
None,Dijon,FRA,1,1493.7956543,2016-07-29,2016-08-03
None,Crotone,ITA,1,1492.3527832,2016-07-29,2016-08-04
None,Goeteborg,SWE,1,1492.29785156,2016-08-01,2016-08-04
None,Jablonec,CZE,1,1492.25854492,2016-07-31,2016-08-02
None,Cardiff,ENG,2,1490.32922363,2016-07-29,2016-08-04
None,Sturm Graz,AUT,1,1487.96691895,2016-07-31,2016-08-03
None,Pacos Ferreira,POR,1,1485.80249023,2016-07-29,2016-08-04
None,Standard,BEL,1,1485.59899902,2016-08-01,2016-08-03
None,Norrkoeping,SWE,1,1482.89123535,2016-07-31,2016-08-04
None,Slavia Praha,CZE,1,1482.5390625,2016-07-29,2016-08-02
None,Crvena Zvezda,SRB,1,1482.26135254,2016-07-30,2016-08-02
None,Vitesse,NED,1,1481.46813965,2016-07-29,2016-08-03
None,Metz,FRA,1,1480.17126465,2016-07-29,2016-08-03
None,St Pauli,GER,2,1479.65539551,2016-07-29,2016-08-04
None,Anzhi,RUS,1,1478.46166992,2016-07-31,2016-08-03
None,Braunschweig,GER,2,1478.26806641,2016-07-29,2016-08-04
None,Karabakh Agdam,AZE,0,1476.19018555,2016-07-29,2016-08-02
None,Gazelec,FRA,2,1475.72180176,2016-07-30,2016-08-03
None,Kortrijk,BEL,1,1475.10449219,2016-08-01,2016-08-03
None,Birmingham,ENG,2,1473.20471191,2016-07-29,2016-08-04
None,Wolves,ENG,2,1472.85913086,2016-07-29,2016-08-04
None,Blackburn,ENG,2,1472.39599609,2016-07-29,2016-08-04
None,Kasimpasa,TUR,1,1471.88061523,2016-07-29,2016-08-03
None,Pandurii,ROM,1,1470.85705566,2016-08-01,2016-08-03
None,Dinamo Bucuresti,ROM,1,1470.84301758,2016-07-31,2016-08-03
None,Guimaraes,POR,1,1470.62390137,2016-07-29,2016-08-04
None,Cesena,ITA,2,1470.57861328,2016-07-29,2016-08-04
None,APOEL,CYP,0,1470.48474121,2016-07-29,2016-08-02
None,Bursaspor,TUR,1,1469.90661621,2016-07-29,2016-08-03
None,Genclerbirligi,TUR,1,1469.75805664,2016-07-29,2016-08-03
None,Heidenheim,GER,2,1468.32128906,2016-07-29,2016-08-04
None,AIK,SWE,1,1467.25073242,2016-08-01,2016-08-04
None,Utrecht,NED,1,1466.06079102,2016-07-29,2016-08-03
None,Ufa,RUS,1,1465.77331543,2016-08-01,2016-08-03
None,Nacional,POR,1,1463.85827637,2016-07-29,2016-08-04
None,Lokeren,BEL,1,1463.6739502,2016-07-31,2016-08-03
None,Frosinone,ITA,2,1462.13415527,2016-07-29,2016-08-04
None,Hajduk,CRO,1,1461.17822266,2016-08-01,2016-08-02
None,Belenenses,POR,1,1459.47631836,2016-07-29,2016-08-04
None,Spezia,ITA,2,1459.20385742,2016-07-29,2016-08-04
None,Thun,SUI,1,1459.19714355,2016-08-01,2016-08-03
None,Tomsk,RUS,1,1459.16625977,2016-07-29,2016-08-01
None,SonderjyskE,DEN,1,1458.40844727,2016-08-01,2016-08-03
None,Leeds,ENG,2,1458.31079102,2016-07-29,2016-08-04
None,Altach,AUT,1,1458.22497559,2016-08-01,2016-08-03
None,Oostende,BEL,1,1457.52722168,2016-08-01,2016-08-03
None,Brondby,DEN,1,1456.46520996,2016-08-01,2016-08-03
None,Orenburg,RUS,1,1456.39111328,2016-07-31,2016-08-03
None,Preston,ENG,2,1455.50427246,2016-07-29,2016-08-04
None,Wolfsberg,AUT,1,1455.18823242,2016-07-31,2016-08-03
None,Bielefeld,GER,2,1454.41564941,2016-07-29,2016-08-04
None,Atromitos,GRE,1,1454.32556152,2016-07-29,2016-08-03
None,Tula,RUS,1,1452.66870117,2016-08-01,2016-08-03
None,Heracles,NED,1,1450.76123047,2016-07-29,2016-08-03
None,Admira,AUT,1,1450.48999023,2016-08-01,2016-08-03
None,Fuerth,GER,2,1449.55114746,2016-07-29,2016-08-04
None,Lens,FRA,2,1447.55285645,2016-07-30,2016-08-03
None,Akhisar,TUR,1,1447.31628418,2016-07-29,2016-08-03
None,Twente,NED,1,1445.94006348,2016-07-29,2016-08-03
None,Antalyaspor,TUR,1,1444.9239502,2016-07-29,2016-08-03
None,Bari,ITA,2,1443.94995117,2016-07-29,2016-08-04
None,Forest,ENG,2,1442.0,2016-07-29,2016-08-04
None,Asteras Tripolis,GRE,1,1441.76672363,2016-07-29,2016-08-03
None,AEK,GRE,1,1440.92224121,2016-07-29,2016-08-03
None,Novara,ITA,2,1438.99511719,2016-07-29,2016-08-04
None,Aalborg,DEN,1,1438.15014648,2016-07-29,2016-08-01
None,Auxerre,FRA,2,1437.80517578,2016-07-31,2016-08-03
None,Maritimo,POR,1,1436.94665527,2016-07-29,2016-08-04
None,Molde,NOR,1,1436.17834473,2016-07-28,2016-08-01
None,Elfsborg,SWE,1,1435.90710449,2016-07-31,2016-08-04
None,Sochaux,FRA,2,1434.96887207,2016-07-30,2016-08-03
None,Dinamo Minsk,BLR,1,1434.86083984,2016-07-29,2016-08-02
None,Olexandriya,UKR,1,1434.04321289,2016-08-01,2016-08-03
None,Giannina,GRE,1,1432.6652832,2016-07-29,2016-08-03
None,Entella,ITA,2,1432.08642578,2016-07-29,2016-08-04
None,Zwolle,NED,1,1430.77587891,2016-07-29,2016-08-03
None,Volyn Lutsk,UKR,1,1430.39794922,2016-07-31,2016-08-03
None,Odd Grenland,NOR,1,1429.25695801,2016-08-01,2016-08-02
None,Mechelen,BEL,1,1427.49743652,2016-07-30,2016-08-03
None,Maribor,SVN,1,1427.28540039,2016-08-01,2016-08-04
None,Den Haag,NED,1,1426.96008301,2016-07-29,2016-08-03
None,Ried,AUT,1,1426.68811035,2016-07-31,2016-08-03
None,Razgrad,BUL,1,1425.80505371,2016-07-27,2016-08-02
None,Huddersfield,ENG,2,1425.42175293,2016-07-29,2016-08-04
None,Bristol City,ENG,2,1425.15734863,2016-07-29,2016-08-04
None,Zuerich,SUI,0,1425.14233398,2016-07-29,2016-08-03
None,Lubin,POL,1,1425.02502441,2016-08-01,2016-08-03
None,Zulte Waregem,BEL,1,1424.66271973,2016-07-31,2016-08-03
None,Brno,CZE,1,1424.55517578,2016-07-29,2016-08-02
None,Fulham,ENG,2,1423.81811523,2016-07-29,2016-08-04
None,Randers,DEN,1,1423.70581055,2016-08-01,2016-08-03
None,Dniprodzerzhynsk,UKR,1,1423.51745605,2016-08-01,2016-08-03
None,Groningen,NED,1,1422.46508789,2016-07-29,2016-08-03
None,Moreirense,POR,1,1421.0958252,2016-07-29,2016-08-04
None,Omonia,CYP,0,1420.74450684,2016-07-29,2016-08-02
None,Duesseldorf,GER,2,1420.05297852,2016-07-29,2016-08-04
None,Heerenveen,NED,1,1419.80480957,2016-07-29,2016-08-03
None,Red Star,FRA,2,1418.24023438,2016-07-31,2016-08-03
None,Muenchen 60,GER,2,1418.11047363,2016-07-29,2016-08-04
None,Rotherham,ENG,2,1417.24108887,2016-07-29,2016-08-04
None,Partizan,SRB,1,1417.13537598,2016-08-01,2016-08-02
None,CFR Cluj,ROM,1,1416.57885742,2016-07-31,2016-08-03
None,Trabzonspor,TUR,1,1416.15588379,2016-07-29,2016-08-03
None,FK Astana,KAZ,0,1415.5513916,2016-07-28,2016-08-03
None,Stromsgodset,NOR,1,1415.38269043,2016-08-01,2016-08-02
None,Clermont,FRA,2,1415.19714355,2016-07-30,2016-08-03
None,Karpaty,UKR,1,1413.51708984,2016-08-01,2016-08-03
None,Apollon Lemesos,CYP,0,1411.35998535,2016-07-29,2016-08-02
None,Sandhausen,GER,2,1410.6517334,2016-07-29,2016-08-04
None,Troyes,FRA,2,1409.71875,2016-07-30,2016-08-03
None,Boavista,POR,1,1409.67199707,2016-07-29,2016-08-04
None,Dukla,CZE,1,1409.51757812,2016-07-30,2016-08-02
None,Cittadella,ITA,2,1408.77258301,2016-07-29,2016-08-04
None,Benevento,ITA,2,1408.77258301,2016-07-29,2016-08-04
None,Pisa,ITA,2,1408.77258301,2016-07-29,2016-08-04
None,Spal,ITA,2,1408.77258301,2016-07-29,2016-08-04
None,Perugia,ITA,2,1407.14099121,2016-07-29,2016-08-04
None,Aue,GER,2,1406.07885742,2016-07-29,2016-08-04
None,Dresden,GER,2,1406.07885742,2016-07-29,2016-08-04
None,Wuerzburg,GER,2,1406.07885742,2016-07-29,2016-08-04
None,Reading,ENG,2,1405.7857666,2016-07-29,2016-08-04
None,Valenciennes,FRA,2,1405.49414062,2016-07-30,2016-08-03
None,Lugano,SUI,1,1404.77941895,2016-07-31,2016-08-03
None,Niort,FRA,2,1404.43408203,2016-07-30,2016-08-03
None,Nimes,FRA,2,1404.17004395,2016-07-30,2016-08-03
None,Ferencvaros,HUN,1,1403.49047852,2016-07-31,2016-08-04
None,Beitar,ISR,1,1401.94384766,2016-07-29,2016-08-03
None,Brest,FRA,2,1401.69848633,2016-07-30,2016-08-03
None,Slovacko,CZE,1,1401.28210449,2016-07-31,2016-08-02
None,Rizespor,TUR,1,1400.58374023,2016-07-29,2016-08-03
None,Laval,FRA,2,1399.86865234,2016-07-30,2016-08-03
None,Tondela,POR,1,1399.31054688,2016-07-29,2016-08-04
None,Botosani,ROM,1,1398.9954834,2016-07-31,2016-08-03
None,Vaduz,LIE,1,1397.29577637,2016-08-01,2016-08-03
None,Bohemians Praha,CZE,1,1396.97753906,2016-08-01,2016-08-02
None,Gabala,AZE,0,1395.15600586,2016-07-29,2016-08-02
None,Platanias,GRE,1,1393.86669922,2016-07-29,2016-08-03
None,Lechia,POL,1,1393.32055664,2016-07-31,2016-08-03
None,StGallen,SUI,1,1391.82995605,2016-07-31,2016-08-03
None,Tours,FRA,2,1391.61193848,2016-07-30,2016-08-03
None,Panionios,GRE,1,1390.98010254,2016-07-29,2016-08-03
None,Oerebro,SWE,1,1389.97583008,2016-07-29,2016-08-01
None,Maccabi Haifa,ISR,1,1389.20825195,2016-07-29,2016-08-03
None,Kayseri,TUR,1,1388.38745117,2016-07-29,2016-08-03
None,Ternana,ITA,2,1387.65185547,2016-07-29,2016-08-04
None,Larnaca,CYP,0,1387.01391602,2016-07-29,2016-08-02
None,Vicenza,ITA,2,1387.00537109,2016-07-29,2016-08-04
None,Salernitana,ITA,2,1387.00036621,2016-07-29,2016-08-04
None,Gaziantepspor,TUR,1,1385.69885254,2016-07-29,2016-08-03
None,Odense,DEN,1,1384.33740234,2016-07-29,2016-08-01
None,Teplice,CZE,1,1384.24169922,2016-07-30,2016-08-02
None,Latina,ITA,2,1383.85412598,2016-07-29,2016-08-04
None,Setubal,POR,1,1381.91674805,2016-07-29,2016-08-04
None,Soligorsk,BLR,1,1379.51196289,2016-08-01,2016-08-02
None,Brescia,ITA,2,1379.05004883,2016-07-29,2016-08-04
None,Piast Gliwice,POL,1,1378.58959961,2016-08-01,2016-08-03
None,Haecken,SWE,1,1378.22900391,2016-08-01,2016-08-04
None,Bnei Sakhinin,ISR,1,1378.09960938,2016-07-29,2016-08-03
None,Viitorul,ROM,1,1377.04333496,2016-08-01,2016-08-03
None,Lausanne,SUI,1,1376.69250488,2016-08-01,2016-08-03
None,Nijmegen,NED,1,1376.20178223,2016-07-29,2016-08-03
None,Ajaccio,FRA,2,1375.82116699,2016-07-30,2016-08-03
None,Olimpija Ljubljana,SVN,1,1375.54272461,2016-07-29,2016-08-01
None,Trnava,SLK,0,1374.12036133,2016-07-29,2016-08-03
None,Karabuekspor,TUR,1,1373.00219727,2016-07-29,2016-08-03
None,Adanaspor,TUR,1,1373.00219727,2016-07-29,2016-08-03
None,Alanyaspor,TUR,1,1373.00219727,2016-07-29,2016-08-03
None,Levadeiakos,GRE,1,1372.34716797,2016-07-29,2016-08-03
None,Viking,NOR,1,1370.83007812,2016-07-28,2016-08-02
None,Iasi,ROM,1,1370.74682617,2016-07-30,2016-08-03
None,Neftchi,AZE,0,1367.04003906,2016-07-29,2016-08-02
None,Slask,POL,1,1366.73095703,2016-07-29,2016-08-01
None,Xanthi,GRE,1,1365.46447754,2016-07-29,2016-08-03
None,Jihlava,CZE,1,1365.15063477,2016-07-31,2016-08-02
None,Pro Vercelli,ITA,2,1364.81567383,2016-07-29,2016-08-04
None,Chernomorets,UKR,1,1364.52514648,2016-07-31,2016-08-03
None,Craiova,ROM,1,1363.53491211,2016-07-29,2016-08-01
None,Cracovia,POL,1,1363.50524902,2016-08-01,2016-08-03
None,Wisla,POL,1,1362.25976562,2016-07-31,2016-08-03
None,Avellino,ITA,2,1362.01269531,2016-07-29,2016-08-04
None,Lech,POL,1,1361.49023438,2016-07-30,2016-08-03
None,Mouscron,BEL,1,1360.12426758,2016-07-31,2016-08-03
None,Wigan,ENG,2,1359.91259766,2016-07-29,2016-08-04
None,Barnsley,ENG,2,1359.91259766,2016-07-29,2016-08-04
None,Burton,ENG,2,1359.91259766,2016-07-29,2016-08-04
None,Zirka,UKR,1,1359.80993652,2016-07-31,2016-08-03
None,Ascoli,ITA,2,1359.36022949,2016-07-29,2016-08-04
None,Panetolikos,GRE,1,1358.8326416,2016-07-29,2016-08-03
None,St Poelten,AUT,1,1358.6451416,2016-08-01,2016-08-03
None,Chaves,POR,1,1357.9744873,2016-07-29,2016-08-04
None,Feirense,POR,1,1357.9744873,2016-07-29,2016-08-04
None,Aberdeen,SCO,1,1357.30383301,2016-07-29,2016-08-03
None,Olimpik Donetsk,UKR,1,1356.1463623,2016-07-31,2016-08-03
None,Targu Mures,ROM,1,1355.77844238,2016-07-29,2016-08-01
None,Slaven Belupo,CRO,1,1354.6619873,2016-07-30,2016-08-02
None,Lok Zagreb,CRO,1,1354.00341797,2016-08-01,2016-08-02
None,Aarhus,DEN,1,1353.59130859,2016-08-01,2016-08-03
None,Novi Sad,SRB,1,1351.78759766,2016-08-01,2016-08-02
None,Trencin,SLK,0,1351.4798584,2016-07-29,2016-08-03
None,Nordsjaelland,DEN,1,1351.35327148,2016-07-31,2016-08-03
None,Westerlo,BEL,1,1350.95263672,2016-08-01,2016-08-03
None,Pribram,CZE,1,1350.46862793,2016-07-31,2016-08-02
None,Jagiellonia,POL,1,1349.97851562,2016-07-30,2016-08-03
None,Bourg-Peronnas,FRA,2,1348.12145996,2016-07-30,2016-08-03
None,Iraklis,GRE,1,1345.84741211,2016-07-29,2016-08-03
None,Aktobe,KAZ,0,1344.12744141,2016-07-28,2016-08-03
None,Kairat,KAZ,0,1343.16308594,2016-07-28,2016-08-03
None,Djurgarden,SWE,1,1342.74169922,2016-07-29,2016-08-01
None,Willem II,NED,1,1341.00378418,2016-07-29,2016-08-03
None,Tescoma Zlin,CZE,1,1340.82897949,2016-07-31,2016-08-02
None,Roda,NED,1,1338.94360352,2016-07-29,2016-08-03
None,Mattersburg,AUT,1,1337.55712891,2016-08-01,2016-08-03
None,St Truiden,BEL,1,1336.16186523,2016-07-31,2016-08-03
None,Kapaz Ganca,AZE,0,1334.36120605,2016-07-29,2016-08-02
None,Spartak Myjava,SLK,0,1333.32861328,2016-07-29,2016-08-03
None,Sarpsborg,NOR,1,1331.30517578,2016-07-30,2016-08-02
None,Pogon,POL,1,1331.09069824,2016-07-29,2016-08-01
None,Beroe Stara Zagora,BUL,1,1329.43310547,2016-07-27,2016-08-02
None,Chiajna,ROM,1,1329.20300293,2016-07-29,2016-08-01
None,Viborg,DEN,1,1328.65783691,2016-07-30,2016-08-03
None,Strasbourg,FRA,2,1328.02294922,2016-07-30,2016-08-03
None,H Tel Aviv,ISR,1,1327.60595703,2016-07-29,2016-08-03
None,Beveren,BEL,1,1327.45703125,2016-07-31,2016-08-03
None,Gaz Metan,ROM,1,1326.74279785,2016-07-30,2016-08-03
None,Hradec Kralove,CZE,1,1326.09741211,2016-08-01,2016-08-02
None,Amiens,FRA,2,1325.6151123,2016-07-29,2016-08-01
None,M Petach Tikva,ISR,1,1322.83789062,2016-07-29,2016-08-03
None,Videoton,HUN,1,1322.77819824,2016-08-01,2016-08-04
None,Brann,NOR,1,1322.53869629,2016-08-01,2016-08-02
None,Sheriff Tiraspol,MOL,0,1322.08630371,2016-07-22,2017-06-29
None,Veria,GRE,1,1320.92614746,2016-07-29,2016-08-03
None,Orleans,FRA,2,1320.09460449,2016-07-30,2016-08-03
None,Split 1912,CRO,1,1320.05493164,2016-08-01,2016-08-02
None,Torpedo Zhodino,BLR,1,1318.78894043,2016-07-29,2016-08-02
None,Lillestrom,NOR,1,1318.54394531,2016-08-01,2016-08-02
None,Domzale,SVN,1,1317.08776855,2016-08-01,2016-08-04
None,St Johnstone,SCO,1,1316.99267578,2016-07-29,2016-08-03
None,Eupen,BEL,1,1315.75109863,2016-07-31,2016-08-03
None,Helsingborg,SWE,1,1315.68579102,2016-08-01,2016-08-04
None,Inverness,SCO,1,1315.23339844,2016-07-29,2016-08-03
None,Kerkyra,GRE,1,1314.85949707,2016-07-29,2016-08-03
None,Larisa,GRE,1,1314.85949707,2016-07-29,2016-08-03
None,FK Minsk,BLR,1,1313.61816406,2016-08-01,2016-08-02
None,Kalmar,SWE,1,1313.32580566,2016-07-29,2016-08-01
None,Haugesund,NOR,1,1311.98486328,2016-08-01,2016-08-02
None,Excelsior,NED,1,1311.85473633,2016-07-29,2016-08-03
None,Kiryat Shmona,ISR,1,1310.96350098,2016-07-29,2016-08-03
None,HJK Helsinki,FIN,0,1310.76184082,2016-07-29,2016-08-04
None,Levski,BUL,1,1310.44091797,2016-08-01,2016-08-02
None,Esbjerg,DEN,1,1305.23864746,2016-07-30,2016-08-03
None,Korona,POL,1,1302.63500977,2016-08-01,2016-08-03
None,Valerenga,NOR,1,1302.58117676,2016-07-28,2016-08-01
None,Bnei Yehuda,ISR,1,1300.88562012,2016-07-29,2016-08-03
None,Karvina,CZE,1,1299.5592041,2016-07-31,2016-08-02
None,Inter Zapresic,CRO,1,1299.42871094,2016-07-31,2016-08-02
None,Horsens,DEN,1,1299.16955566,2016-08-01,2016-08-03
None,Nieciecza,POL,1,1298.44592285,2016-08-01,2016-08-03
None,Osijek,CRO,1,1297.7208252,2016-08-01,2016-08-02
None,Go Ahead Eagles,NED,1,1297.59899902,2016-07-29,2016-08-03
None,Sparta Rotterdam,NED,1,1297.59899902,2016-07-29,2016-08-03
None,Slovan Bratislava,SLK,0,1297.38867188,2016-07-29,2016-08-03
None,Lyngby,DEN,1,1297.06835938,2016-08-01,2016-08-03
None,Voluntari,ROM,1,1295.29602051,2016-07-29,2016-08-01
None,Cukaricki,SRB,1,1291.33508301,2016-08-01,2016-08-02
None,Bobruisk,BLR,1,1289.71813965,2016-08-01,2016-08-02
None,Hearts,SCO,1,1289.15002441,2016-07-29,2016-08-03
None,Sundsvall,SWE,1,1287.86181641,2016-07-31,2016-08-04
None,Arka,POL,1,1287.64367676,2016-07-30,2016-08-03
None,Tromso,NOR,1,1287.45996094,2016-08-01,2016-08-02
None,Sogndal,NOR,1,1287.34155273,2016-08-01,2016-08-02
None,Raanana,ISR,1,1285.34301758,2016-07-29,2016-08-03
None,Silkeborg,DEN,1,1278.4732666,2016-08-01,2016-08-03
None,Debrecen,HUN,1,1275.93005371,2016-08-01,2016-08-04
None,Hammarby,SWE,1,1275.72009277,2016-07-31,2016-08-04
None,Celje,SVN,1,1274.30895996,2016-08-01,2016-08-04
None,Aalesund,NOR,1,1273.47241211,2016-08-01,2016-08-02
None,Stabaek,NOR,1,1273.41821289,2016-08-01,2016-08-02
None,Ruch,POL,1,1270.07897949,2016-07-30,2016-08-03
None,Plock,POL,1,1269.40258789,2016-07-31,2016-08-03
None,Kfar-Saba,ISR,1,1269.07202148,2016-07-29,2016-08-03
None,Gornik Leczna,POL,1,1267.3380127,2016-08-01,2016-08-03
None,Bodoe Glimt,NOR,1,1261.53771973,2016-08-01,2016-08-02
None,Ordabasy,KAZ,0,1258.89892578,2016-07-28,2016-08-03
None,Hapoel Haifa,ISR,1,1257.94848633,2016-07-29,2016-08-03
None,Joenkoeping,SWE,1,1256.97290039,2016-08-01,2016-08-04
None,Nis,SRB,1,1255.19030762,2016-07-31,2016-08-02
None,Kukesi,ALB,0,1254.50488281,2016-07-27,2016-08-03
None,Shkendija,MAC,0,1253.03503418,2016-07-29,2016-08-04
None,Ostersund,SWE,1,1252.15771484,2016-07-31,2016-08-04
None,Granit Mikashevichy,BLR,1,1251.23132324,2016-07-30,2016-08-02
None,Motherwell,SCO,1,1248.76782227,2016-07-29,2016-08-03
None,Ashdod,ISR,1,1247.83654785,2016-07-29,2016-08-03
None,Ashkelon,ISR,1,1247.83654785,2016-07-29,2016-08-03
None,Dundee,SCO,1,1247.66418457,2016-07-29,2016-08-03
None,Nova Gorica,SVN,1,1244.99511719,2016-07-31,2016-08-04
None,Ross County,SCO,1,1244.61035156,2016-07-29,2016-08-03
None,Partick,SCO,1,1238.26965332,2016-07-29,2016-08-03
None,Cibalia Vinkovci,CRO,1,1232.68493652,2016-07-31,2016-08-02
None,Krumkachy,BLR,1,1232.67932129,2016-08-01,2016-08-02
None,Timisoara,ROM,1,1230.44702148,2016-07-31,2016-08-03
None,Neman Grodno,BLR,1,1230.3125,2016-07-30,2016-08-02
None,Hafnarfjoerdur,ISL,0,1228.8614502,2016-07-22,2017-06-29
None,Slutsk,BLR,1,1227.45544434,2016-07-30,2016-08-02
None,Zlatibor,SRB,1,1226.39782715,2016-07-31,2016-08-02
None,Rudar Velenje,SVN,1,1224.76452637,2016-07-31,2016-08-04
None,Gorodeya,BLR,1,1223.98669434,2016-08-01,2016-08-02
None,MTK,HUN,1,1221.71643066,2016-08-01,2016-08-04
None,KR Reykjavik,ISL,0,1221.48083496,2016-07-22,2017-06-29
None,Ujpest,HUN,1,1221.4284668,2016-07-31,2016-08-04
None,Sloboda Tuzla,BHZ,0,1220.43103027,2016-07-20,2017-06-29
None,Novopolotsk,BLR,1,1220.27026367,2016-07-31,2016-08-02
None,Ventspils,LAT,0,1219.24597168,2016-07-29,2016-08-04
None,Slavia Sofia,BUL,1,1219.06079102,2016-07-30,2016-08-02
None,Paksi,HUN,1,1218.10205078,2016-07-31,2016-08-04
None,Lok Plovdiv,BUL,1,1217.69433594,2016-07-31,2016-08-02
None,Diosgyori,HUN,1,1216.89697266,2016-07-31,2016-08-04
None,Gefle,SWE,1,1216.11328125,2016-07-31,2016-08-04
None,Radnik Bijeljina,BHZ,0,1216.02563477,2016-07-20,2017-06-29
None,Isloch,BLR,1,1215.65942383,2016-07-31,2016-08-02
None,Rovaniemi,FIN,0,1215.51794434,2016-07-29,2016-08-04
None,Honved,HUN,1,1215.27685547,2016-07-31,2016-08-04
None,Mariehamn,FIN,0,1212.2253418,2016-07-29,2016-08-04
None,Zimbru,MOL,0,1211.48400879,2016-07-22,2017-06-29
None,Rabotnicki,MAC,0,1211.30566406,2016-07-29,2016-08-04
None,Chikhura,GEO,0,1206.67333984,2016-07-27,2016-08-02
None,FC Samtredia,GEO,0,1206.58850098,2016-07-27,2016-08-02
None,Hamilton,SCO,1,1206.31884766,2016-07-29,2016-08-03
None,Dacia Chisinau,MOL,0,1204.36608887,2016-07-22,2017-06-29
None,Cherno More,BUL,1,1202.8939209,2016-08-01,2016-08-02
None,Seinajoki,FIN,0,1201.7598877,2016-07-29,2016-08-04
None,Dila Gori,GEO,0,1201.6505127,2016-07-27,2016-08-02
None,Falkenbergs,SWE,1,1201.60351562,2016-08-01,2016-08-04
None,Olimpia Balti,MOL,0,1201.49462891,2016-07-22,2017-06-29
None,Teuta Durres,ALB,0,1200.44116211,2016-07-27,2016-08-03
None,Vozdovac Beograd,SRB,1,1199.97644043,2016-07-31,2016-08-02
None,Borac Cacak,SRB,1,1199.52575684,2016-07-31,2016-08-02
None,FK Vitebsk,BLR,1,1198.97521973,2016-08-01,2016-08-02
None,Mladost Lucani,SRB,1,1197.18139648,2016-07-31,2016-08-02
None,Koper,SVN,1,1195.74145508,2016-07-31,2016-08-04
None,Siroki Brijeg,BHZ,0,1195.15698242,2016-07-20,2017-06-29
None,Dinamo Tbilisi,GEO,0,1193.83862305,2016-07-27,2016-08-02
None,Partizani Tirana,ALB,0,1191.62060547,2016-07-27,2016-08-03
None,Vardar,MAC,0,1189.40490723,2016-07-29,2016-08-04
None,Istra 1961,CRO,1,1189.02758789,2016-08-01,2016-08-02
None,Dundalk,IRL,0,1188.28540039,2016-07-29,2016-08-02
None,Slavia Mozyr,BLR,1,1188.21801758,2016-07-30,2016-08-02
None,Haladas,HUN,1,1187.47119141,2016-07-31,2016-08-04
None,Sileks,MAC,0,1186.73059082,2016-07-29,2016-08-04
None,Zrinjski Mostar,BHZ,0,1182.9642334,2016-07-20,2017-06-29
None,Metalac Gornji Milanovac,SRB,1,1181.82165527,2016-07-30,2016-08-02
None,Krsko,SVN,1,1181.58654785,2016-07-29,2016-08-01
None,Jelgava,LAT,0,1180.75073242,2016-07-29,2016-08-04
None,Botev Plovdiv,BUL,1,1175.54748535,2016-07-31,2016-08-02
None,Kilmarnock,SCO,1,1174.99133301,2016-07-29,2016-08-03
None,Hibernian,SCO,0,1174.52331543,2016-07-29,2016-08-03
None,Rangers,SCO,1,1172.91674805,2016-07-29,2016-08-03
None,Cork City,IRL,0,1172.24780273,2016-07-29,2016-08-02
None,Rad,SRB,1,1169.27624512,2016-07-31,2016-08-02
None,Radnik Surdulica,SRB,1,1165.95715332,2016-08-01,2016-08-02
None,St Patricks,IRL,0,1160.02905273,2016-07-29,2016-08-02
None,Novi Pazar,SRB,1,1159.9284668,2016-07-31,2016-08-02
None,Vasas SC,HUN,1,1156.96728516,2016-08-01,2016-08-04
None,Valur,ISL,0,1155.72607422,2016-07-22,2017-06-29
None,Dinamo Brest,BLR,1,1154.33508301,2016-07-30,2016-08-02
None,Mezokovesd-Zsory,HUN,1,1153.97399902,2016-08-01,2016-08-04
None,Lozinca,SRB,1,1150.86462402,2016-07-31,2016-08-02
None,Krusevac,SRB,1,1150.3996582,2016-08-01,2016-08-02
None,Breidablik,ISL,0,1149.30627441,2016-07-22,2017-06-29
None,Start,NOR,1,1146.27087402,2016-07-30,2016-08-02
None,Shamrock,IRL,0,1144.10375977,2016-07-29,2016-08-02
None,Levadia Tallinn,EST,0,1142.20471191,2016-07-29,2016-08-04
None,CSKA Sofia,BUL,1,1139.25610352,2016-07-30,2016-08-02
None,Gyirmot,HUN,1,1135.87744141,2016-08-01,2016-08-04
None,Backa Palanka,SRB,1,1132.11499023,2016-08-01,2016-08-02
None,Spartaks Jurmala,LAT,0,1130.38415527,2016-07-29,2016-08-04
None,Vereya,BUL,1,1129.54931641,2016-07-31,2016-08-02
None,N Burgas,BUL,1,1129.52966309,2016-07-30,2016-08-02
None,Liepajas,LAT,0,1127.86657715,2016-07-29,2016-08-04
None,Lok Gorna,BUL,1,1124.64660645,2016-07-30,2016-08-02
None,Dunav Ruse,BUL,1,1124.62695312,2016-07-31,2016-08-02
None,Podgorica,MNT,0,1123.6595459,2016-07-22,2017-06-29
None,Mladost,MNT,0,1115.56262207,2016-07-22,2017-06-29
None,Zalgiris Vilnius,LIT,0,1106.5201416,2016-07-21,2017-06-29
None,FK Bokelj,MNT,0,1105.48132324,2016-07-22,2017-06-29
None,Rudar Pljevlja,MNT,0,1103.31787109,2016-07-22,2017-06-29
None,Nomme Kalju,EST,0,1100.78710938,2016-07-29,2016-08-04
None,Birkirkara,MLT,0,1095.9017334,2016-07-29,2016-08-04
None,Radomlje,SVN,1,1067.68383789,2016-07-31,2016-08-04
None,Suduva,LIT,0,1064.1171875,2016-07-21,2017-06-29
None,Blagoevgrad,BUL,1,1063.69494629,2016-08-01,2016-08-02
None,Aluminij,SVN,1,1063.35803223,2016-08-01,2016-08-04
None,Atlantas,LIT,0,1060.08581543,2016-07-21,2017-06-29
None,Trakai,LIT,0,1055.6706543,2016-07-21,2017-06-29
None,Differdang,LUX,0,1046.82617188,2016-07-21,2017-06-29
None,Linfield,NIR,0,1043.2565918,2016-07-22,2017-06-28
None,Dudelange,LUX,0,1042.22680664,2016-07-21,2017-06-29
None,Pyunik,ARM,0,1038.94885254,2016-07-22,2017-06-27
None,Connahs Quay,WAL,0,1038.49365234,2016-07-22,2017-06-27
None,Crusaders,NIR,0,1034.40002441,2016-07-22,2017-06-28
None,Montana 1921,BUL,1,1033.89477539,2016-08-01,2016-08-02
None,Cliftonville,NIR,0,1031.60339355,2016-07-22,2017-06-28
None,The New Saints,WAL,0,1031.07556152,2016-07-22,2017-06-27
None,Valletta,MLT,0,1026.37182617,2016-07-29,2016-08-04
None,Shirak,ARM,0,1022.75512695,2016-07-22,2017-06-27
None,FC Infonet,EST,0,1021.60742188,2016-07-29,2016-08-04
None,Llandudno Town,WAL,0,1016.14569092,2016-07-22,2017-06-27
None,Bala,WAL,0,1009.35675049,2016-07-22,2017-06-27
None,Alashkert,ARM,0,1003.39105225,2016-07-22,2017-06-27
None,Flora Tallinn,EST,0,1001.25335693,2016-07-29,2016-08-04
None,Glenavon,NIR,0,997.365539551,2016-07-22,2017-06-28
None,Banants,ARM,0,988.143188477,2016-07-22,2017-06-27
None,Balzan,MLT,0,982.509094238,2016-07-29,2016-08-04
None,Hibernians Paola,MLT,0,979.653259277,2016-07-29,2016-08-04
None,Fola Esch,LUX,0,975.984863281,2016-07-21,2017-06-29
None,Jeunesse Esch,LUX,0,974.570373535,2016-07-21,2017-06-29
None,College Europa,GIB,0,961.931396484,2016-07-22,2017-06-27
None,Lincoln,GIB,0,946.17175293,2016-07-22,2017-06-27
None,Gota,FAR,0,936.436889648,2016-07-08,2017-06-27
None,HB Torshavn,FAR,0,880.51751709,2016-07-08,2017-06-27
None,Runavik,FAR,0,867.43951416,2016-07-08,2017-06-27
None,B 36 Torshavn,FAR,0,849.272399902,2016-07-08,2017-06-27
None,Santa Coloma,AND,0,775.606140137,2016-07-08,2017-06-27
None,Escale,AND,0,768.633361816,2016-07-08,2017-06-27
None,Lusitanos,AND,0,768.244506836,2016-07-08,2017-06-27
None,Folgore,SMR,0,690.553161621,2016-07-08,2017-06-28
None,Tre Penne,SMR,0,690.072814941,2016-07-08,2017-06-28
None,La Fiorita,SMR,0,686.096008301,2016-07-08,2017-06-28


